{"machine": [0.10327505540507265, 0.07926543457881344, 0.10790217068093963, 0.1229470503219025, 0.10232558139534884, 0.09464285714285714, 0.10061300639658849, 0.09732353271237795], "big_data": [0.11488297704593066, 0.1341880043924631, 0.15928823965539426, 0.17158715106119757, 0.16961946979073717, 0.17502582428320165, 0.2025844313691587, 0.20105183615328492], "high_performance": [0.14903691813804174, 0.24329962073324907, 0.2201394475730759, 0.1893288715374605, 0.209519542289929, 0.1829108962633917, 0.20515560875512995, 0.21801470588235294], "distributed": [0.09239304874134532, 0.06934884737244619, 0.07632349863988282, 0.10889172836258408, 0.11401452921736, 0.11243074714577304, 0.11672298108796259, 0.10712772197814038], "media": [0.16004380475594493, 0.1564238952536825, 0.15796867802855827, 0.15200497880643207, 0.16547803269864764, 0.18307634730538924, 0.19769927536231885, 0.22800529195982921], "hci": [0.12383107088989442, 0.10092508798391152, 0.1161671763506626, 0.13985893262306404, 0.15939736541852506, 0.18571781915833363, 0.16813186813186815, 0.15787342851054764], "software_foundations": [0.12618515760734675, 0.11233225182409481, 0.09170752734522333, 0.12137779071217727, 0.12293371764123853, 0.10609881018044283, 0.12417354350941345, 0.11670269802836389], "models_comp": [0.1292320396366639, 0.12548262548262548, 0.0981717011128776, 0.09880514705882354, 0.11609100877192982, 0.134173461823573, 0.13259901288070303, 0.12136752136752138]}